PassengerId,Survived,Pclass,Name,Sex,Age,SibSp,Parch,Ticket,Fare,Cabin,Embarked
1,1,2,Passenger_1,female,30.44398142734432,2,0,TKT37775,13.82,C50,Q
2,1,3,Passenger_2,female,3.978054318979371,0,1,TKT52057,22.15,,S
3,0,3,Passenger_3,male,20.320915521286658,0,1,TKT86909,37.5,,S
4,1,3,Passenger_4,female,26.89664187904158,0,0,TKT37253,12.05,,S
5,0,1,Passenger_5,male,56.22437805158317,0,0,TKT87717,43.57,C37,S
6,0,1,Passenger_6,male,,0,2,TKT52884,17.04,,C
7,0,1,Passenger_7,female,38.44805808692073,0,0,TKT77497,32.5,C61,S
8,0,3,Passenger_8,male,32.29895430021962,0,0,TKT18705,3.45,C23,S
9,0,3,Passenger_9,male,9.19441696064098,0,2,TKT45676,3.33,C113,C
10,0,3,Passenger_10,male,34.3123349661217,0,0,TKT92640,2.72,,Q
11,0,1,Passenger_11,male,66.18742146537272,1,0,TKT80045,110.05,C140,S
12,0,3,Passenger_12,male,,0,0,TKT8101,20.25,C50,S
13,1,3,Passenger_13,male,7.398577712611875,0,0,TKT63495,9.97,,C
14,1,1,Passenger_14,male,40.585524282108715,1,1,TKT5743,24.1,,S
15,1,1,Passenger_15,female,19.14023194658425,0,0,TKT9951,70.88,,Q
16,1,1,Passenger_16,female,24.397403460850878,1,0,TKT8014,24.23,,Q
17,0,2,Passenger_17,male,48.4908082020806,0,0,TKT37180,17.84,C59,S
18,0,3,Passenger_18,male,,0,0,TKT57977,4.77,,Q
19,0,2,Passenger_19,male,42.72515466016334,3,0,TKT60534,8.43,,S
20,0,2,Passenger_20,male,31.10913585334531,0,0,TKT64209,23.68,,S
21,0,3,Passenger_21,male,15.637610450590447,1,1,TKT42908,10.43,,S
22,0,1,Passenger_22,male,48.065346349310936,0,0,TKT51918,80.9,,C
23,0,2,Passenger_23,male,,0,0,TKT9219,9.65,,S
24,0,2,Passenger_24,male,35.43917687155289,2,0,TKT8163,5.78,,S
25,0,3,Passenger_25,male,35.71544644130523,0,0,TKT3470,4.26,,C
26,0,3,Passenger_26,male,46.955442420593045,1,0,TKT17543,5.43,,S
27,1,1,Passenger_27,female,33.4824822562101,0,0,TKT20276,17.63,,S
28,0,3,Passenger_28,female,33.547865914961946,0,1,TKT37881,4.54,,C
29,0,3,Passenger_29,male,52.379822038466116,0,0,TKT79950,3.2,,C
30,1,1,Passenger_30,female,45.78722013160924,2,0,TKT8749,108.66,,Q
31,1,3,Passenger_31,male,6.579517029611683,0,0,TKT25182,4.1,,Q
32,1,1,Passenger_32,female,,0,2,TKT78450,113.8,,S
33,1,1,Passenger_33,female,,2,0,TKT81543,60.86,,S
34,0,3,Passenger_34,male,,1,0,TKT97487,1.39,,S
35,0,3,Passenger_35,male,20.532171364744926,0,0,TKT99144,13.87,,S
36,0,3,Passenger_36,male,30.247758244467526,0,0,TKT22383,1.05,C137,S
37,1,2,Passenger_37,male,41.539520536359866,0,0,TKT79578,3.96,C18,C
38,0,1,Passenger_38,male,45.109700588054736,0,2,TKT26412,75.61,,S
39,0,3,Passenger_39,male,27.66747826961025,0,0,TKT14181,3.89,,S
40,0,2,Passenger_40,male,32.99091986948822,1,0,TKT45898,2.41,C77,S
41,1,1,Passenger_41,female,,0,0,TKT60630,1.82,,S
42,1,3,Passenger_42,female,16.876058338497625,1,0,TKT4405,25.57,C63,S
43,0,1,Passenger_43,male,23.37267128370553,1,0,TKT97404,4.31,,S
44,0,3,Passenger_44,male,34.96230174235132,0,0,TKT11862,2.69,,S
45,0,2,Passenger_45,male,21.97570857489,0,0,TKT55679,32.46,,S
46,0,3,Passenger_46,male,30.4147038318221,0,0,TKT29688,2.04,,C
47,1,2,Passenger_47,female,15.697994971367967,0,0,TKT49017,5.63,,C
48,0,3,Passenger_48,male,10.863509591483432,1,0,TKT97481,3.16,,S
49,0,3,Passenger_49,male,45.00668933861364,0,1,TKT13939,3.63,,C
50,1,1,Passenger_50,male,,0,0,TKT95467,39.8,,S
51,0,3,Passenger_51,male,33.82746396694896,0,0,TKT40585,12.5,,S
52,0,3,Passenger_52,female,46.38158690525272,0,2,TKT23942,26.07,,S
53,0,3,Passenger_53,female,5.120521507866712,0,0,TKT6272,0.93,,S
54,0,3,Passenger_54,male,,0,1,TKT45134,30.87,,C
55,0,3,Passenger_55,male,16.17635847181657,0,4,TKT25265,25.42,,S
56,0,3,Passenger_56,male,33.65775188508812,0,1,TKT49192,0.56,,Q
57,1,1,Passenger_57,female,44.87364932293552,1,1,TKT29668,115.53,C32,S
58,1,1,Passenger_58,female,48.28828900469745,1,0,TKT82560,1.46,C111,S
59,0,1,Passenger_59,male,47.28033776134378,0,0,TKT98435,217.76,,C
60,0,2,Passenger_60,male,,0,0,TKT70283,3.93,,S
61,0,2,Passenger_61,female,,0,0,TKT10297,86.02,,S
62,0,2,Passenger_62,male,41.57498112575722,0,0,TKT65005,25.11,,S
63,1,3,Passenger_63,female,14.837788406495624,0,1,TKT59434,0.42,,S
64,0,2,Passenger_64,male,36.50865437795573,0,0,TKT65749,0.96,,S
65,1,2,Passenger_65,male,,0,2,TKT2607,42.26,,S
66,0,3,Passenger_66,male,24.53176576746947,0,1,TKT60183,9.26,C98,S
67,0,1,Passenger_67,male,55.335963000070905,0,1,TKT87994,44.49,,S
68,0,3,Passenger_68,male,1.0,0,1,TKT57305,8.79,,S
69,1,1,Passenger_69,female,42.3236621763855,1,1,TKT28973,1.8,,S
70,0,3,Passenger_70,male,47.93702904567668,0,1,TKT24117,6.09,,S
71,0,3,Passenger_71,male,9.634533147970398,0,0,TKT82986,13.82,,S
72,0,1,Passenger_72,male,74.42356359852553,0,0,TKT82071,75.07,,S
73,1,1,Passenger_73,male,,2,1,TKT95891,209.37,,S
74,1,3,Passenger_74,male,9.94092798397249,2,1,TKT8645,12.49,,S
75,0,3,Passenger_75,male,27.216525697373,1,0,TKT43238,1.79,,S
76,0,3,Passenger_76,female,36.25498645012786,0,0,TKT70694,31.13,,S
77,0,3,Passenger_77,male,25.149991862887003,0,0,TKT42773,11.02,,S
78,1,1,Passenger_78,male,47.424538917779415,1,0,TKT17786,35.72,C99,S
79,0,2,Passenger_79,male,38.021077344497066,0,2,TKT41693,10.07,,S
80,1,1,Passenger_80,female,20.85982469194888,0,2,TKT97447,205.04,C145,S
81,0,3,Passenger_81,female,22.92637915124243,1,0,TKT27578,8.6,,S
82,1,3,Passenger_82,female,34.2630418580401,0,0,TKT47408,4.37,,S
83,0,2,Passenger_83,male,,0,0,TKT70702,7.48,,S
84,1,1,Passenger_84,male,46.240097661888534,0,0,TKT85845,3.97,,S
85,0,2,Passenger_85,male,31.864050075449263,0,0,TKT16076,2.02,,Q
86,1,2,Passenger_86,male,6.908941972321841,0,0,TKT20377,7.05,,S
87,0,3,Passenger_87,male,32.238970006856725,0,0,TKT10278,2.89,,C
88,0,3,Passenger_88,male,28.57790159188631,1,0,TKT65808,13.41,,C
89,0,3,Passenger_89,male,32.66392202371723,0,0,TKT34539,16.4,,S
90,0,3,Passenger_90,male,37.697419901045805,2,0,TKT12440,3.27,,S
91,1,1,Passenger_91,female,36.123759666579154,0,0,TKT27245,53.73,,S
92,0,3,Passenger_92,male,26.777073037579314,0,0,TKT23097,0.81,,S
93,0,3,Passenger_93,male,14.427179960064493,1,0,TKT74703,12.5,,S
94,0,3,Passenger_94,female,16.45335083621139,1,1,TKT68092,0.04,,C
95,0,3,Passenger_95,male,39.24081544212797,0,1,TKT2151,0.48,C115,C
96,0,3,Passenger_96,female,42.236024868471745,1,1,TKT22698,0.04,,S
97,0,3,Passenger_97,male,22.14267476425535,1,2,TKT18601,10.37,,S
98,0,2,Passenger_98,male,27.97332368682332,2,0,TKT27807,35.93,,S
99,1,1,Passenger_99,female,48.1133390095888,0,0,TKT46302,77.81,,C
100,1,1,Passenger_100,female,,1,0,TKT86864,276.97,,C
101,0,1,Passenger_101,female,62.17749391726767,5,2,TKT9039,7.98,C48,Q
102,0,3,Passenger_102,male,48.29460923756499,1,3,TKT48427,4.93,,S
103,0,2,Passenger_103,male,48.830489988608036,0,0,TKT72839,82.95,C48,S
104,0,3,Passenger_104,male,,0,0,TKT59049,5.57,,S
105,0,3,Passenger_105,male,27.777351070306867,0,0,TKT20053,8.09,,S
106,0,2,Passenger_106,female,24.62495290539741,0,0,TKT98180,19.54,C43,Q
107,0,2,Passenger_107,male,33.38364658557752,3,0,TKT87298,16.36,,Q
108,1,3,Passenger_108,female,14.524466914555596,0,0,TKT90147,5.49,,S
109,0,1,Passenger_109,male,30.273985957505744,0,0,TKT56413,105.97,,S
110,1,1,Passenger_110,male,,2,0,TKT66958,86.7,,S
111,0,2,Passenger_111,male,29.367519429584135,0,1,TKT32275,8.75,,C
112,1,1,Passenger_112,female,,0,0,TKT27597,10.92,,S
113,1,3,Passenger_113,female,,0,2,TKT78521,36.45,,
114,1,3,Passenger_114,female,26.611557966973514,0,0,TKT95243,0.61,,S
115,1,3,Passenger_115,female,25.955174348512436,0,1,TKT69908,16.74,C102,S
116,1,3,Passenger_116,female,31.648693253390885,4,1,TKT82619,3.58,,Q
117,0,3,Passenger_117,female,14.659563156924902,0,0,TKT56188,8.0,,S
118,0,1,Passenger_118,male,46.29537728881657,0,0,TKT35710,149.51,,S
119,0,3,Passenger_119,male,1.0,0,0,TKT92352,9.5,,S
120,1,3,Passenger_120,male,35.51746774603522,0,0,TKT76486,4.37,,S
121,0,3,Passenger_121,female,,0,1,TKT50050,4.06,,S
122,1,3,Passenger_122,female,43.04103794114799,0,0,TKT50249,0.39,C133,S
123,0,2,Passenger_123,male,11.15461214391911,0,1,TKT35247,71.63,,S
124,1,1,Passenger_124,female,,1,0,TKT71162,14.62,,C
125,0,1,Passenger_125,female,47.749424264394015,0,0,TKT27408,395.04,,S
126,0,2,Passenger_126,male,32.694475282186275,0,0,TKT77313,16.54,C19,S
127,0,3,Passenger_127,male,42.02237614177644,1,0,TKT71683,3.38,,S
128,1,3,Passenger_128,female,1.0,0,0,TKT6443,5.15,,S
129,1,1,Passenger_129,male,,0,1,TKT1079,23.76,,S
130,1,3,Passenger_130,female,29.056281773220498,0,0,TKT97818,34.58,C15,C
131,0,2,Passenger_131,male,26.468483565761307,0,1,TKT39345,6.65,,S
132,0,1,Passenger_132,female,11.86848736097716,0,0,TKT13901,269.14,C75,S
133,1,1,Passenger_133,female,36.84247039820221,0,0,TKT68759,92.12,,S
134,1,2,Passenger_134,female,13.10544391994123,0,3,TKT43732,1.51,,S
135,0,3,Passenger_135,male,11.159793872848487,0,3,TKT80304,2.58,,S
136,0,2,Passenger_136,female,,0,0,TKT18507,34.88,,S
137,1,3,Passenger_137,female,,0,2,TKT82785,6.77,,S
138,0,3,Passenger_138,male,13.744893081563214,1,0,TKT36391,7.58,,S
139,1,2,Passenger_139,female,49.99311493936319,3,0,TKT35171,1.58,,S
140,0,3,Passenger_140,male,12.690967796316674,2,0,TKT52730,3.35,C78,S
141,0,3,Passenger_141,male,38.20985678107127,0,2,TKT8485,14.49,C90,S
142,0,2,Passenger_142,male,,0,0,TKT96320,11.83,,S
143,0,3,Passenger_143,male,31.384074385863318,0,0,TKT91153,3.82,,S
144,0,2,Passenger_144,male,37.169191578113804,0,0,TKT38748,5.99,C27,Q
145,0,2,Passenger_145,female,34.42765981320646,0,0,TKT4878,25.14,,S
146,0,1,Passenger_146,male,59.605409395810646,1,0,TKT2949,24.96,,S
147,1,3,Passenger_147,female,10.817510494950387,0,0,TKT86380,1.7,,S
148,0,3,Passenger_148,male,30.393686953987682,0,0,TKT21881,13.53,C19,Q
149,0,1,Passenger_149,male,39.972407456756855,5,0,TKT52306,27.85,C56,Q
150,0,2,Passenger_150,male,27.01792032711564,0,0,TKT88150,25.83,,S
151,1,3,Passenger_151,female,20.66244679967217,0,0,TKT90364,15.03,,S
152,1,1,Passenger_152,male,35.93356379181864,0,0,TKT10958,30.0,,C
153,0,1,Passenger_153,male,31.47548897384461,0,0,TKT60185,8.96,C94,S
154,0,3,Passenger_154,female,13.212357035472225,0,1,TKT9697,5.94,C107,S
155,0,3,Passenger_155,male,38.462294274765654,0,0,TKT88160,4.25,,C
156,0,2,Passenger_156,male,44.616593678316534,0,0,TKT16493,10.1,,S
157,0,3,Passenger_157,male,,1,0,TKT43801,16.51,,S
158,1,3,Passenger_158,female,14.151180523167996,1,1,TKT22199,1.33,C17,C
159,1,1,Passenger_159,male,37.614791329291094,3,2,TKT66792,61.76,,S
160,0,3,Passenger_160,female,,1,0,TKT35488,8.1,,S
161,0,2,Passenger_161,male,,0,0,TKT31493,3.49,,S
162,0,3,Passenger_162,female,30.70201295794458,0,0,TKT50002,1.41,C46,S
163,0,3,Passenger_163,female,24.971153908973754,0,0,TKT24731,8.95,,S
164,1,3,Passenger_164,female,17.928740178528326,0,0,TKT8076,10.02,,S
165,1,1,Passenger_165,male,24.022603851363918,0,0,TKT2071,0.7,,S
166,0,3,Passenger_166,female,35.01701591589858,1,1,TKT68602,2.78,,C
167,0,2,Passenger_167,male,9.114497690397169,0,0,TKT92181,11.33,,S
168,1,1,Passenger_168,male,55.17706513438031,0,0,TKT42410,36.56,,C
169,0,1,Passenger_169,male,36.59784292928066,0,0,TKT55327,41.23,,C
170,0,3,Passenger_170,female,31.888854650728014,3,0,TKT95948,10.73,,S
171,1,3,Passenger_171,female,41.79513574174952,0,0,TKT62072,5.7,,S
172,1,1,Passenger_172,female,,1,0,TKT98371,111.81,,C
173,0,3,Passenger_173,male,8.610110135014732,1,0,TKT42041,0.19,,S
174,0,1,Passenger_174,male,43.14311709542649,3,0,TKT54326,169.22,,S
175,1,3,Passenger_175,female,,1,0,TKT39549,1.54,C139,S
176,0,1,Passenger_176,male,26.755494690475174,1,0,TKT54096,79.68,,C
177,0,3,Passenger_177,male,33.472946965781574,0,0,TKT56578,8.42,,S
178,0,2,Passenger_178,male,18.08950509874385,0,0,TKT47390,12.5,,S
179,0,3,Passenger_179,male,12.683569508009295,0,0,TKT47052,6.87,,S
180,0,1,Passenger_180,male,27.539036491930474,0,0,TKT44167,36.92,,C
181,0,2,Passenger_181,male,20.695120141560228,3,0,TKT55587,60.13,,S
182,0,1,Passenger_182,male,50.3766355490547,0,0,TKT62292,44.07,,S
183,1,3,Passenger_183,male,,1,0,TKT93114,18.81,C11,S
184,1,3,Passenger_184,female,44.0869848714142,0,0,TKT76419,4.05,C134,S
185,0,2,Passenger_185,male,33.112258506959904,0,0,TKT43139,3.96,,S
186,0,3,Passenger_186,male,23.356054126690502,3,2,TKT88753,5.5,,S
187,1,3,Passenger_187,female,18.767243538086483,0,0,TKT11707,9.84,,S
188,0,3,Passenger_188,male,20.90910547184704,0,0,TKT14140,3.38,,C
189,1,3,Passenger_189,female,30.13980030850285,0,0,TKT12093,34.82,,S
190,1,2,Passenger_190,female,,0,0,TKT83036,63.66,C24,S
191,0,1,Passenger_191,male,42.10981105033281,0,1,TKT73043,148.9,,C
192,0,3,Passenger_192,male,23.012423076188412,0,0,TKT99122,10.36,,S
193,1,3,Passenger_193,female,25.9429243566298,0,2,TKT6830,5.03,C59,S
194,0,3,Passenger_194,female,1.0,1,0,TKT31608,17.03,,C
195,0,2,Passenger_195,male,,1,0,TKT48287,5.57,,S
196,0,2,Passenger_196,male,38.8832769065439,0,1,TKT91047,20.56,,S
197,1,3,Passenger_197,male,11.16001116153106,0,0,TKT34427,1.95,C22,S
198,1,3,Passenger_198,female,4.751867834671476,1,0,TKT85042,20.02,C130,S
199,0,3,Passenger_199,male,3.4732900255853174,0,0,TKT29395,8.28,,S
200,0,3,Passenger_200,female,8.73462996265253,0,0,TKT93662,30.03,,C
201,0,3,Passenger_201,male,16.491748508434114,0,0,TKT96002,0.75,,S
202,1,1,Passenger_202,male,38.8635178978716,1,0,TKT18970,180.0,,S
203,1,1,Passenger_203,male,44.00343100462802,0,0,TKT71218,62.57,C86,S
204,0,3,Passenger_204,male,27.133001275216376,0,1,TKT77475,8.07,,Q
205,0,3,Passenger_205,male,29.805776638075944,1,3,TKT75362,4.83,,Q
206,0,1,Passenger_206,male,32.861610252833486,0,0,TKT24371,64.9,,S
207,1,1,Passenger_207,male,26.413736910917926,0,0,TKT96482,235.06,,C
208,1,3,Passenger_208,female,10.656474836809064,0,0,TKT90895,7.69,,C
209,0,1,Passenger_209,male,22.990053832201504,1,0,TKT20266,174.5,C24,S
210,0,1,Passenger_210,male,1.0,5,2,TKT20195,35.47,,S
211,1,3,Passenger_211,female,4.80809567052777,0,0,TKT28315,13.69,,S
212,1,3,Passenger_212,female,,0,0,TKT84804,2.3,,C
213,0,3,Passenger_213,female,21.642275891475926,0,1,TKT76246,3.47,C74,C
214,1,1,Passenger_214,female,23.863770134060875,2,1,TKT42581,64.5,C73,S
215,0,3,Passenger_215,male,31.071586641470383,1,0,TKT46537,13.73,,S
216,0,1,Passenger_216,male,66.80493657596378,0,0,TKT80697,29.22,,S
217,1,2,Passenger_217,female,5.044248969430466,0,0,TKT98357,18.45,,C
218,0,3,Passenger_218,female,39.286583132123155,1,2,TKT76265,3.52,C121,C
219,0,3,Passenger_219,male,27.55088836758658,0,0,TKT93449,22.02,,S
220,0,3,Passenger_220,female,,0,0,TKT23184,73.62,,S
221,0,3,Passenger_221,male,38.27080509228771,0,0,TKT24279,11.1,,S
222,0,3,Passenger_222,male,,0,0,TKT27570,46.03,,S
223,1,1,Passenger_223,male,31.241590689451545,0,0,TKT44030,55.38,,S
224,0,2,Passenger_224,male,26.37348190568649,1,2,TKT63245,0.9,,S
225,0,2,Passenger_225,male,26.363117809554154,0,1,TKT56467,10.02,C87,C
226,0,2,Passenger_226,male,40.27483464867225,0,3,TKT36133,10.77,C86,S
227,0,3,Passenger_227,female,6.076042213708035,0,0,TKT79731,1.56,C26,C
228,0,2,Passenger_228,male,,0,1,TKT44805,35.08,,S
229,0,3,Passenger_229,male,,0,1,TKT44998,26.75,C54,S
230,1,3,Passenger_230,female,24.09201274809004,0,0,TKT18238,9.77,,Q
231,1,3,Passenger_231,female,48.6705061214777,1,0,TKT82088,4.21,,S
232,0,3,Passenger_232,female,8.368144691212024,0,0,TKT69264,1.67,,S
233,1,3,Passenger_233,female,31.067070902030494,0,1,TKT49245,3.08,,S
234,0,3,Passenger_234,female,,0,0,TKT24557,2.95,,S
235,0,1,Passenger_235,male,42.18254071711961,0,2,TKT71474,259.58,,S
236,0,3,Passenger_236,male,20.147230921792463,1,0,TKT97738,29.01,,C
237,0,2,Passenger_237,male,12.808046562333587,0,0,TKT66667,14.15,C147,Q
238,0,1,Passenger_238,male,54.07823992875457,3,0,TKT92228,84.85,C122,C
239,0,3,Passenger_239,male,27.34578077863949,0,0,TKT86513,9.17,,S
240,1,1,Passenger_240,female,17.864108303556865,1,0,TKT66074,5.26,,S
241,0,3,Passenger_241,male,30.23170467400055,0,2,TKT59204,21.25,,C
242,0,3,Passenger_242,male,,0,0,TKT99597,3.96,,S
243,0,3,Passenger_243,male,33.184833880751576,0,0,TKT93800,3.42,C53,S
244,1,2,Passenger_244,female,,0,0,TKT26575,24.75,,S
245,0,1,Passenger_245,male,,1,0,TKT81263,14.94,,C
246,1,3,Passenger_246,female,49.56234634863469,1,0,TKT77024,8.71,,S
247,0,2,Passenger_247,male,18.931716354615922,0,0,TKT21069,37.06,,C
248,0,3,Passenger_248,male,,0,1,TKT25400,5.53,,S
249,0,3,Passenger_249,male,48.89863962645681,0,0,TKT25146,6.18,,Q
250,0,3,Passenger_250,female,,1,0,TKT7846,0.21,,S
251,0,2,Passenger_251,male,25.924114079758827,0,0,TKT41352,3.39,,S
252,1,2,Passenger_252,female,41.98341952570428,0,0,TKT24694,4.62,C13,S
253,1,3,Passenger_253,male,35.08881378555459,1,2,TKT22740,11.91,C19,S
254,1,2,Passenger_254,male,35.46122837587394,1,0,TKT50438,8.69,,C
255,1,1,Passenger_255,female,24.628283889109056,0,2,TKT31996,92.82,,Q
256,0,3,Passenger_256,female,18.613977242473727,1,0,TKT64874,1.09,,S
257,1,3,Passenger_257,female,,1,0,TKT98661,0.53,,S
258,0,3,Passenger_258,female,24.073347457323454,0,1,TKT60682,5.73,C15,S
259,0,3,Passenger_259,female,30.110123903557948,0,0,TKT45200,9.76,,S
260,1,1,Passenger_260,female,57.771087775816014,1,0,TKT23970,59.35,,S
261,0,3,Passenger_261,female,,0,0,TKT11895,11.48,,C
262,0,3,Passenger_262,female,37.767291850730274,2,1,TKT39071,2.34,,Q
263,1,1,Passenger_263,female,,0,0,TKT53268,0.96,,S
264,0,3,Passenger_264,male,,0,0,TKT23258,24.12,C121,S
265,1,3,Passenger_265,female,30.33037992748806,2,0,TKT89890,3.96,,S
266,0,3,Passenger_266,male,38.21587549282914,0,0,TKT97177,6.91,,S
267,0,3,Passenger_267,female,30.598543737401524,0,4,TKT58300,31.84,,S
268,0,3,Passenger_268,female,41.15470907443298,1,0,TKT62915,13.27,C35,S
269,1,2,Passenger_269,male,13.639436161220651,0,0,TKT9444,21.56,,S
270,1,2,Passenger_270,female,,0,1,TKT76147,11.81,,S
271,0,3,Passenger_271,male,52.26921664536258,0,0,TKT77064,5.36,,S
272,1,3,Passenger_272,male,,1,0,TKT67535,0.86,C83,S
273,0,3,Passenger_273,female,31.884933052052958,2,0,TKT4760,9.33,,S
274,0,3,Passenger_274,male,9.684347001539969,0,0,TKT37884,1.1,,C
275,0,3,Passenger_275,female,9.540308590437547,1,0,TKT88477,18.07,,S
276,0,3,Passenger_276,female,28.512585785702242,2,0,TKT27022,16.85,,C
277,0,3,Passenger_277,male,26.74625437321889,0,0,TKT55504,7.63,,S
278,0,3,Passenger_278,male,17.630529219900204,0,0,TKT44130,1.52,,S
279,0,3,Passenger_279,male,26.69179239534472,0,0,TKT44881,0.26,C129,S
280,0,3,Passenger_280,male,44.06352313652315,0,0,TKT63399,15.93,C43,S
281,0,3,Passenger_281,female,33.34482969460358,1,0,TKT37451,9.17,C107,C
282,0,2,Passenger_282,male,,2,2,TKT52413,5.17,,S
283,0,2,Passenger_283,male,36.95017811959166,0,0,TKT93057,13.48,,S
284,1,1,Passenger_284,male,37.67984712781565,0,0,TKT63278,108.61,C33,S
285,0,3,Passenger_285,male,20.347601003097267,0,0,TKT30639,13.75,,S
286,1,1,Passenger_286,female,,0,1,TKT35621,5.28,,Q
287,0,3,Passenger_287,male,19.268253008751937,0,2,TKT97985,9.2,,S
288,1,3,Passenger_288,female,9.938375536319262,0,0,TKT14079,15.59,C40,S
289,0,2,Passenger_289,male,31.113933098243667,0,0,TKT7895,39.21,,S
290,0,3,Passenger_290,female,18.27270835783228,0,0,TKT94515,0.68,C22,Q
291,1,1,Passenger_291,male,32.515385913386496,1,0,TKT53142,91.84,C135,S
292,1,1,Passenger_292,male,,0,0,TKT13552,96.52,,S
293,1,3,Passenger_293,female,38.06523585060006,0,1,TKT93930,14.55,,S
294,0,2,Passenger_294,male,17.05439986772702,0,0,TKT49821,37.98,,C
295,1,1,Passenger_295,female,55.04021929155695,0,0,TKT98812,142.79,,S
296,0,3,Passenger_296,female,10.940147832189258,0,0,TKT34630,10.2,,S
297,0,3,Passenger_297,male,45.34867453373038,0,0,TKT71063,0.7,C128,C
298,0,1,Passenger_298,male,31.957315621947323,2,2,TKT13247,19.24,,Q
299,1,3,Passenger_299,female,,0,1,TKT18603,16.5,,S
300,0,1,Passenger_300,male,37.661261510527176,1,0,TKT46564,44.23,,C
301,1,1,Passenger_301,male,25.348173949778207,4,0,TKT1527,13.28,,S
302,0,3,Passenger_302,male,8.959294733488832,1,0,TKT57521,15.15,,C
303,0,3,Passenger_303,male,,0,0,TKT69458,4.01,,S
304,0,3,Passenger_304,male,26.583135601263486,2,0,TKT6849,3.89,,S
305,0,3,Passenger_305,female,19.54542737507867,0,0,TKT96836,8.16,C131,C
306,0,3,Passenger_306,female,22.37616067077957,0,1,TKT94316,19.75,,C
307,0,3,Passenger_307,female,23.903205309890627,2,0,TKT51314,2.53,C24,S
308,0,2,Passenger_308,female,34.837371143889214,0,1,TKT46724,104.15,,C
309,0,3,Passenger_309,male,25.6271018859698,0,0,TKT94676,9.14,,S
310,1,2,Passenger_310,female,29.309431510771912,0,2,TKT18230,37.09,,C
311,0,2,Passenger_311,male,45.90639547144216,0,0,TKT93229,23.32,,S
312,0,1,Passenger_312,male,19.156284476545522,0,0,TKT73495,26.52,,S
313,0,1,Passenger_313,male,39.76931411364976,0,0,TKT43730,21.25,,S
314,0,3,Passenger_314,male,1.0,3,1,TKT86203,20.01,,S
315,0,3,Passenger_315,female,38.84308411980311,3,0,TKT92937,5.9,C32,S
316,1,3,Passenger_316,female,,2,0,TKT4323,12.52,,S
317,0,2,Passenger_317,male,,0,0,TKT1445,18.48,C41,S
318,1,1,Passenger_318,male,40.51414494715437,1,0,TKT83945,52.43,,C
319,1,1,Passenger_319,female,,2,0,TKT10963,214.55,C132,S
320,0,2,Passenger_320,male,29.443296042949527,1,1,TKT51511,4.29,,S
321,0,3,Passenger_321,male,12.872821360853038,0,0,TKT16437,5.08,C45,S
322,0,3,Passenger_322,male,18.81737927430109,0,0,TKT17855,3.6,,S
323,1,3,Passenger_323,female,43.36234238636021,0,0,TKT82947,15.88,C60,S
324,0,2,Passenger_324,female,22.112896168051144,0,0,TKT11847,3.54,C146,S
325,0,3,Passenger_325,male,13.905230627462801,0,0,TKT4236,0.03,,S
326,0,3,Passenger_326,male,5.828809964854813,1,0,TKT62897,32.08,C65,S
327,1,3,Passenger_327,female,21.075792188682748,0,0,TKT14487,8.97,C106,S
328,1,3,Passenger_328,female,,0,0,TKT78384,17.12,,S
329,0,2,Passenger_329,male,38.056248797559775,0,3,TKT63423,15.18,,C
330,0,2,Passenger_330,female,21.74028894526682,0,0,TKT14155,14.32,C11,S
331,1,2,Passenger_331,male,,0,0,TKT12255,61.76,,Q
332,0,3,Passenger_332,male,48.22184848072275,0,1,TKT2979,3.73,,S
333,1,1,Passenger_333,female,30.50540539664508,0,0,TKT22305,23.36,,C
334,0,1,Passenger_334,male,36.73253404774175,1,0,TKT75543,22.9,,S
335,1,1,Passenger_335,male,42.647724627966205,0,0,TKT36094,71.4,,S
336,0,1,Passenger_336,male,40.66699551690693,0,1,TKT36098,5.82,C51,C
337,0,3,Passenger_337,male,39.16769094942573,0,0,TKT90566,2.37,C37,S
338,0,3,Passenger_338,female,17.472238648584366,2,0,TKT34770,4.81,C59,S
339,0,3,Passenger_339,male,25.54267250799979,0,0,TKT10734,7.84,,S
340,1,1,Passenger_340,female,34.36634651382516,1,0,TKT72984,190.54,,Q
341,0,3,Passenger_341,male,,0,0,TKT40605,1.36,C12,S
342,0,3,Passenger_342,male,8.53041342539079,1,0,TKT78932,10.48,,S
343,1,1,Passenger_343,male,24.903858171375667,1,0,TKT56619,3.02,,S
344,0,2,Passenger_344,female,20.455740615879556,0,0,TKT28881,2.51,,S
345,0,2,Passenger_345,male,,1,0,TKT64401,1.16,,C
346,1,3,Passenger_346,female,18.596796322729997,0,0,TKT32177,0.2,,S
347,0,3,Passenger_347,male,,2,0,TKT41122,8.44,,C
348,1,1,Passenger_348,female,63.734571475131716,0,0,TKT36297,26.12,,S
349,0,2,Passenger_349,male,,0,2,TKT37680,17.24,C97,S
350,1,3,Passenger_350,female,,1,0,TKT84452,2.11,,S
351,1,3,Passenger_351,female,30.217240774682693,1,0,TKT52044,28.29,,S
352,1,3,Passenger_352,female,30.705168190319483,0,1,TKT97775,7.36,C130,S
353,0,3,Passenger_353,female,15.453315184709412,0,0,TKT45084,58.88,,S
354,1,1,Passenger_354,female,15.37165148188777,0,0,TKT35189,45.79,C55,S
355,1,1,Passenger_355,male,23.24844613195104,0,0,TKT14510,48.16,,S
356,1,3,Passenger_356,male,,1,0,TKT91502,4.97,,S
357,1,1,Passenger_357,male,51.30430628763006,0,2,TKT23152,9.96,C106,S
358,0,3,Passenger_358,female,1.0,0,3,TKT85738,2.9,,S
359,0,3,Passenger_359,male,13.412022357721504,1,0,TKT27445,4.21,,S
360,1,3,Passenger_360,female,44.54999637881134,0,0,TKT77688,6.16,,S
361,1,2,Passenger_361,male,34.0470127547575,0,0,TKT72153,1.55,,S
362,0,3,Passenger_362,male,10.913440427092329,0,0,TKT2195,2.55,,Q
363,0,3,Passenger_363,male,22.624747252183816,0,1,TKT60949,3.17,,S
364,1,3,Passenger_364,female,49.81487605796262,0,0,TKT26433,5.96,,S
365,0,3,Passenger_365,male,3.0198130335276865,0,0,TKT6305,10.58,,S
366,0,2,Passenger_366,male,16.577189254141985,1,0,TKT59860,10.64,,C
367,0,3,Passenger_367,male,42.96918019815551,0,0,TKT74613,3.38,C72,S
368,0,3,Passenger_368,male,47.29242812245279,0,0,TKT49648,2.03,,C
369,0,1,Passenger_369,male,1.0,2,1,TKT64090,13.74,,S
370,0,1,Passenger_370,male,,0,0,TKT97921,115.62,,C
371,1,1,Passenger_371,female,28.842940436216068,2,1,TKT43113,54.29,,S
372,0,1,Passenger_372,male,12.371139444009604,0,0,TKT43642,33.12,,S
373,0,1,Passenger_373,male,45.15683639334973,1,0,TKT34062,12.71,,S
374,0,3,Passenger_374,male,15.25117181275096,0,0,TKT72633,1.76,,Q
375,0,1,Passenger_375,male,36.07572079521231,1,0,TKT42604,111.81,C104,C
376,0,2,Passenger_376,male,30.20303834134484,1,0,TKT7678,14.8,,S
377,0,3,Passenger_377,male,28.970215655386934,0,1,TKT33121,21.02,,S
378,0,1,Passenger_378,male,56.408802350176664,0,0,TKT49503,59.04,C123,S
379,0,3,Passenger_379,male,35.55300449364884,1,0,TKT87940,8.28,,S
380,0,2,Passenger_380,female,36.64029715085873,0,0,TKT72279,4.46,,S
381,1,1,Passenger_381,female,39.0560709446223,0,0,TKT17494,74.38,,S
382,0,3,Passenger_382,female,28.757585680157863,0,0,TKT45185,6.84,,C
383,0,3,Passenger_383,male,,1,3,TKT10678,0.18,,S
384,0,3,Passenger_384,male,42.598490311343234,0,0,TKT38632,4.08,,S
385,0,3,Passenger_385,male,11.661037005837386,0,0,TKT47235,2.03,,S
386,0,3,Passenger_386,male,,0,0,TKT2648,11.4,,Q
387,1,2,Passenger_387,female,37.19226585980219,2,0,TKT82213,40.06,C65,C
388,0,1,Passenger_388,male,45.72079526456655,2,0,TKT89301,30.16,,S
389,0,3,Passenger_389,male,29.16051973125904,5,0,TKT68917,2.37,,Q
390,1,3,Passenger_390,male,55.138678619013085,0,0,TKT17489,29.73,,C
391,1,3,Passenger_391,female,2.9190670659309674,2,0,TKT78281,4.09,,S
392,0,2,Passenger_392,male,36.0216817972886,0,0,TKT6818,10.96,,S
393,0,2,Passenger_393,male,12.227208516016805,0,0,TKT34149,3.18,,Q
394,0,3,Passenger_394,male,26.476938419874173,0,3,TKT28312,5.4,,S
395,0,2,Passenger_395,male,13.977196908009383,0,0,TKT38124,0.35,,S
396,0,3,Passenger_396,male,9.409403638650108,3,0,TKT2316,0.24,,S
397,0,3,Passenger_397,male,27.793440915281963,0,0,TKT71990,3.66,,S
398,0,2,Passenger_398,male,20.941966360415528,1,0,TKT61046,19.84,,Q
399,0,3,Passenger_399,male,1.0,1,4,TKT79643,22.15,,S
400,0,3,Passenger_400,male,39.33510664616477,1,1,TKT70610,2.96,C33,S
401,0,1,Passenger_401,male,,0,0,TKT87724,5.08,,C
402,0,3,Passenger_402,male,25.619931722212957,0,0,TKT98504,9.02,,S
403,1,3,Passenger_403,female,27.74889625846843,1,0,TKT65042,16.14,C83,S
404,0,3,Passenger_404,female,37.891816152586735,0,0,TKT24102,5.06,,Q
405,1,2,Passenger_405,male,9.657563972293282,0,0,TKT32957,8.21,,S
406,0,3,Passenger_406,male,,0,2,TKT13872,24.22,,S
407,0,2,Passenger_407,male,,0,2,TKT51094,17.13,,S
408,1,1,Passenger_408,male,,2,4,TKT48719,128.07,C71,S
409,1,3,Passenger_409,female,28.849428711192207,0,1,TKT74885,0.07,,Q
410,1,1,Passenger_410,male,39.61036510806384,0,0,TKT20693,34.75,,S
411,1,2,Passenger_411,female,39.51431915574784,0,0,TKT51478,36.91,,S
412,0,3,Passenger_412,male,28.443470251620504,0,0,TKT99163,0.24,,S
413,0,3,Passenger_413,male,,0,0,TKT44677,5.06,,S
414,1,3,Passenger_414,female,17.34060728165807,0,0,TKT61012,3.62,,C
415,1,3,Passenger_415,female,15.215492460206548,0,1,TKT11760,12.53,,C
416,1,2,Passenger_416,female,39.838252839830766,0,1,TKT12584,14.27,C105,Q
417,1,2,Passenger_417,female,,0,2,TKT3106,19.46,C73,S
418,0,2,Passenger_418,male,16.783119328505535,0,1,TKT14669,10.06,,S
419,1,3,Passenger_419,female,48.04441002573114,0,4,TKT26223,9.6,,S
420,0,3,Passenger_420,male,10.325259765333232,0,0,TKT61666,5.19,,C
421,0,3,Passenger_421,female,25.85504499893071,2,1,TKT36706,3.63,,S
422,0,3,Passenger_422,male,9.47790849755085,0,0,TKT69019,11.47,,S
423,1,1,Passenger_423,female,12.75604453241677,0,0,TKT62585,12.45,,S
424,0,3,Passenger_424,male,13.982476199001102,0,3,TKT28482,11.83,,S
425,0,1,Passenger_425,male,41.73977311416077,4,2,TKT61369,46.49,C133,S
426,0,3,Passenger_426,male,20.24524386277888,0,0,TKT35143,12.63,,Q
427,1,2,Passenger_427,female,,1,0,TKT25240,20.57,,S
428,0,3,Passenger_428,male,32.249450675062214,0,0,TKT11015,1.84,,S
429,1,2,Passenger_429,male,44.182745527417566,2,0,TKT83164,36.83,,S
430,1,1,Passenger_430,male,,2,2,TKT64023,48.44,,C
431,1,1,Passenger_431,male,60.57108879557594,0,0,TKT52500,21.83,,S
432,1,3,Passenger_432,female,38.75729044480873,0,0,TKT64925,7.52,,S
433,0,3,Passenger_433,male,13.319453943675585,0,0,TKT91979,3.44,C89,S
434,1,1,Passenger_434,female,25.523308844185976,0,0,TKT97355,139.06,,S
435,1,1,Passenger_435,male,,0,0,TKT81596,102.88,C95,S
436,0,3,Passenger_436,male,22.270284880559107,0,2,TKT93973,6.14,C91,C
437,1,1,Passenger_437,female,35.044176656412276,0,0,TKT50631,17.93,,S
438,0,3,Passenger_438,female,,0,0,TKT77190,4.98,,S
439,0,3,Passenger_439,male,,0,0,TKT64652,4.5,,S
440,0,1,Passenger_440,male,,0,0,TKT52087,81.15,C109,S
441,1,1,Passenger_441,female,,0,1,TKT80789,100.8,,S
442,0,3,Passenger_442,male,,5,0,TKT55909,6.87,C107,S
443,0,2,Passenger_443,female,,0,0,TKT12565,26.36,,S
444,1,2,Passenger_444,female,38.13160421880347,1,0,TKT28597,8.78,C133,S
445,0,3,Passenger_445,female,8.805085461381616,0,0,TKT94304,7.79,,S
446,0,3,Passenger_446,male,20.017434785136743,0,0,TKT66623,3.21,,C
447,1,3,Passenger_447,female,25.408328932866784,0,0,TKT10432,13.12,,S
448,0,3,Passenger_448,male,,0,1,TKT75300,17.87,,S
449,0,2,Passenger_449,male,23.42529284459482,1,0,TKT66714,12.96,,C
450,0,1,Passenger_450,male,41.26502583768902,0,0,TKT92837,136.04,,S
451,0,3,Passenger_451,male,33.31426906981374,0,0,TKT50314,7.18,,C
452,0,3,Passenger_452,female,33.81565054551196,3,0,TKT42965,12.45,C147,S
453,0,2,Passenger_453,female,30.048043734022016,0,2,TKT98449,22.87,,S
454,0,3,Passenger_454,female,21.590138824854435,5,0,TKT85268,10.54,C71,S
455,0,1,Passenger_455,male,,5,0,TKT68957,35.23,,S
456,0,3,Passenger_456,male,35.73576625088647,0,2,TKT44715,0.72,,S
457,0,1,Passenger_457,male,,0,0,TKT54450,5.03,,S
458,1,3,Passenger_458,female,29.21775880422642,0,0,TKT87062,6.19,,S
459,1,1,Passenger_459,male,36.20047483985497,0,0,TKT62902,40.78,C121,S
460,1,1,Passenger_460,female,11.654113363033051,0,0,TKT29317,16.34,,S
461,0,1,Passenger_461,male,30.31785129162654,3,0,TKT67753,40.27,,S
462,1,3,Passenger_462,male,,1,0,TKT36242,2.52,C92,S
463,0,3,Passenger_463,female,14.988123454101014,0,0,TKT1929,13.81,,S
464,0,3,Passenger_464,male,34.16835737887431,0,4,TKT99724,5.75,,S
465,1,3,Passenger_465,female,,1,0,TKT14580,12.22,,S
466,0,2,Passenger_466,female,50.20408546929207,0,0,TKT96967,20.83,,C
467,0,2,Passenger_467,male,41.10168769517891,1,0,TKT21742,0.67,,C
468,1,3,Passenger_468,male,17.388569827727164,0,1,TKT18833,9.11,,S
469,1,1,Passenger_469,male,28.952817662186757,0,0,TKT97421,59.93,C137,C
470,0,3,Passenger_470,female,33.930228523780414,0,0,TKT72347,4.35,,S
471,1,1,Passenger_471,male,21.28908435540928,1,0,TKT75155,13.77,,S
472,0,3,Passenger_472,male,28.201820755544823,0,0,TKT90791,25.85,,C
473,0,1,Passenger_473,male,52.00815245260169,1,1,TKT91508,1.66,,S
474,1,3,Passenger_474,female,29.440733383227464,0,0,TKT14527,4.91,C60,Q
475,1,3,Passenger_475,male,,1,0,TKT59139,2.56,,S
476,0,3,Passenger_476,female,,0,0,TKT99410,18.76,,S
477,1,1,Passenger_477,female,,0,0,TKT70585,93.02,,S
478,0,3,Passenger_478,male,22.809172307445507,1,1,TKT42057,48.15,,S
479,0,3,Passenger_479,male,13.120506489375833,0,0,TKT68439,0.39,,S
480,1,3,Passenger_480,female,,0,0,TKT45261,1.37,C30,S
481,0,3,Passenger_481,male,15.267989636453862,0,0,TKT71912,2.54,,C
482,1,3,Passenger_482,female,11.63144259805608,1,0,TKT1042,16.67,C88,S
483,0,3,Passenger_483,male,28.103933774264657,2,0,TKT23769,21.08,,S
484,0,3,Passenger_484,male,27.552877310291922,0,0,TKT68113,0.74,,S
485,1,3,Passenger_485,female,34.39448481938287,0,0,TKT78918,0.33,C75,C
486,0,3,Passenger_486,male,19.82649316509881,1,0,TKT23449,13.65,C121,S
487,0,1,Passenger_487,male,22.726469976987225,0,0,TKT39653,294.09,,S
488,0,2,Passenger_488,male,,2,0,TKT29859,0.32,C55,Q
489,0,3,Passenger_489,male,30.337285693979137,0,1,TKT9576,0.23,C145,S
490,0,3,Passenger_490,male,,4,1,TKT46874,0.51,C27,S
491,1,3,Passenger_491,male,26.792361787254265,1,0,TKT78199,3.06,,C
492,1,3,Passenger_492,female,,1,0,TKT37345,0.67,,C
493,0,2,Passenger_493,male,40.66447216396193,0,0,TKT71780,6.95,,S
494,0,1,Passenger_494,female,57.53957335105939,0,1,TKT70428,55.82,,S
495,0,3,Passenger_495,male,26.92587548768176,0,1,TKT93648,3.95,,S
496,1,2,Passenger_496,female,23.286414629461568,0,1,TKT5321,0.45,,S
497,0,3,Passenger_497,male,20.679528774916207,0,1,TKT6776,0.99,,Q
498,1,1,Passenger_498,female,,0,0,TKT17119,150.4,,S
499,1,3,Passenger_499,male,29.480182716536778,2,1,TKT31569,3.81,C86,S
500,0,3,Passenger_500,male,28.74853852559886,0,0,TKT39596,13.85,,S
501,0,3,Passenger_501,male,39.31282198499697,0,0,TKT53967,1.46,C144,S
502,0,3,Passenger_502,male,9.905582129093347,0,0,TKT34063,22.82,,C
503,0,2,Passenger_503,male,26.296618586194278,0,2,TKT99717,103.88,,S
504,0,3,Passenger_504,male,32.08506473501756,0,1,TKT23340,4.36,,Q
505,0,3,Passenger_505,female,23.294241556713448,0,0,TKT76723,29.99,,S
506,1,1,Passenger_506,male,43.93685462249726,1,0,TKT56430,127.54,C76,S
507,0,3,Passenger_507,male,37.353489779180286,0,1,TKT7668,4.55,C83,C
508,0,3,Passenger_508,male,35.4677845603414,0,0,TKT81880,29.88,,C
509,1,3,Passenger_509,female,11.283768255115255,0,0,TKT9195,3.99,,C
510,0,3,Passenger_510,male,34.84189824106581,1,0,TKT83097,1.0,,C
511,0,3,Passenger_511,male,24.223736739609777,0,0,TKT58995,57.6,,S
512,0,2,Passenger_512,male,23.666362024465947,1,0,TKT88834,18.51,,S
513,0,3,Passenger_513,female,25.878363892020335,0,0,TKT39250,19.06,,Q
514,0,3,Passenger_514,female,23.19708413442088,2,2,TKT17076,1.81,,S
515,0,1,Passenger_515,male,34.376855122660565,0,0,TKT16376,24.76,,S
516,1,1,Passenger_516,female,,0,1,TKT56839,19.38,,S
517,0,2,Passenger_517,female,32.358546061481626,0,0,TKT65723,8.88,C12,S
518,0,3,Passenger_518,male,,0,0,TKT44442,8.05,,C
519,0,3,Passenger_519,female,27.14433660172571,0,0,TKT6392,0.25,,S
520,0,1,Passenger_520,male,33.32652714341586,1,0,TKT28106,26.06,,C
521,0,3,Passenger_521,male,32.237136219386,0,1,TKT80845,1.57,,S
522,0,2,Passenger_522,male,29.591290785127907,2,0,TKT25809,34.67,,S
523,0,3,Passenger_523,male,,1,0,TKT1693,19.42,,S
524,0,3,Passenger_524,male,28.177303731735755,0,0,TKT95769,6.58,,S
525,0,3,Passenger_525,female,40.304688855988175,1,2,TKT60821,15.29,C111,S
526,0,3,Passenger_526,male,23.17942679707325,0,0,TKT75159,1.57,,S
527,0,2,Passenger_527,male,33.91439540949265,0,0,TKT75710,19.51,,S
528,0,2,Passenger_528,male,32.38984871219256,3,0,TKT12352,0.14,,S
529,1,1,Passenger_529,female,62.255209992791286,0,1,TKT53196,33.35,,S
530,0,3,Passenger_530,male,37.6884196645387,0,0,TKT72066,0.45,,S
531,0,3,Passenger_531,male,35.466364000875735,0,0,TKT5992,13.95,,S
532,0,3,Passenger_532,male,21.218959225670694,0,0,TKT54076,0.82,,S
533,0,3,Passenger_533,male,18.13904749652726,4,0,TKT24354,10.68,,C
534,0,3,Passenger_534,female,,0,0,TKT4312,0.19,,S
535,0,3,Passenger_535,female,36.19753686809283,0,0,TKT46833,17.83,,C
536,0,3,Passenger_536,male,,0,0,TKT5318,1.92,,C
537,0,3,Passenger_537,female,37.78206358857264,0,0,TKT67003,7.25,,S
538,0,2,Passenger_538,male,,0,0,TKT28192,3.36,,C
539,1,3,Passenger_539,female,14.004148971118964,0,0,TKT90199,12.82,,S
540,0,1,Passenger_540,male,,0,2,TKT97782,63.79,C50,C
541,0,3,Passenger_541,male,23.315499293135964,0,2,TKT38489,12.9,,C
542,0,3,Passenger_542,male,28.691352018270358,2,0,TKT41309,3.35,,S
543,1,1,Passenger_543,female,67.03715737649964,0,1,TKT29273,40.07,,S
544,0,3,Passenger_544,male,41.226432146405735,1,0,TKT48553,0.31,C28,S
545,1,3,Passenger_545,male,30.088802338221413,1,2,TKT30473,3.33,,S
546,0,2,Passenger_546,male,35.11936487681127,1,0,TKT62410,8.16,,S
547,1,1,Passenger_547,female,,2,0,TKT14679,82.94,,S
548,0,3,Passenger_548,male,9.210210202869915,0,0,TKT93981,2.06,,S
549,0,3,Passenger_549,female,28.372111003381676,0,1,TKT46310,27.26,,S
550,1,3,Passenger_550,female,,0,0,TKT84406,37.65,,Q
551,0,3,Passenger_551,male,37.15164891572886,0,0,TKT61683,13.46,C88,C
552,0,3,Passenger_552,female,23.102153867532156,1,0,TKT26992,2.91,,S
553,0,3,Passenger_553,male,,0,0,TKT30433,3.02,,S
554,0,3,Passenger_554,female,52.69499500739333,2,0,TKT77574,10.38,,S
555,0,3,Passenger_555,male,22.8226111690298,0,0,TKT26933,1.25,C137,S
556,0,2,Passenger_556,female,,2,0,TKT46020,10.84,,C
557,1,1,Passenger_557,female,53.201008549150856,0,2,TKT30236,144.5,,S
558,1,1,Passenger_558,female,39.37176414859253,0,0,TKT59735,93.24,C103,S
559,1,3,Passenger_559,female,5.343651310767797,0,0,TKT10770,6.85,C55,C
560,0,3,Passenger_560,male,3.5634944157437616,1,0,TKT70285,14.76,,Q
561,0,3,Passenger_561,male,17.535582333347424,0,0,TKT36271,0.02,,S
562,1,1,Passenger_562,female,,3,1,TKT74391,91.11,C74,S
563,0,1,Passenger_563,male,46.70200645798471,2,1,TKT24439,65.45,,S
564,0,1,Passenger_564,male,32.825455295389126,2,0,TKT96826,78.45,,S
565,1,2,Passenger_565,female,51.137465899706825,0,2,TKT12101,9.24,,Q
566,1,3,Passenger_566,female,,1,2,TKT93776,1.79,,S
567,1,2,Passenger_567,female,27.932412264799332,1,2,TKT83319,3.98,,S
568,0,2,Passenger_568,male,33.843118353712235,0,0,TKT45917,16.08,,C
569,0,3,Passenger_569,female,1.0,0,0,TKT93345,3.74,,C
570,0,2,Passenger_570,male,49.20014753953757,0,0,TKT84459,4.47,,Q
571,0,3,Passenger_571,female,34.518108258624125,0,0,TKT81562,3.82,,S
572,0,3,Passenger_572,male,23.535314414544672,0,0,TKT42196,4.47,,S
573,1,2,Passenger_573,female,15.735067140773026,4,1,TKT24569,27.59,,S
574,0,3,Passenger_574,female,23.087653214249123,0,0,TKT42887,10.01,,S
575,0,3,Passenger_575,male,20.553006851190606,0,0,TKT21893,2.64,,S
576,1,3,Passenger_576,female,8.823434656717993,3,0,TKT88971,22.78,,S
577,0,1,Passenger_577,male,52.78479532692472,0,0,TKT56304,41.17,C22,S
578,1,3,Passenger_578,female,31.255358860165774,1,0,TKT33399,7.11,,C
579,1,3,Passenger_579,female,,0,1,TKT26236,5.68,,S
580,0,2,Passenger_580,male,15.636783690187238,0,0,TKT93735,10.7,,C
581,0,3,Passenger_581,female,,0,1,TKT86870,12.28,,S
582,0,3,Passenger_582,female,22.821962054371994,0,3,TKT99753,11.14,,C
583,0,3,Passenger_583,male,1.0,0,0,TKT50531,2.18,,S
584,1,2,Passenger_584,male,,1,3,TKT81570,8.42,,C
585,0,3,Passenger_585,female,,0,0,TKT97621,2.91,,S
586,0,2,Passenger_586,female,45.33642770868923,2,0,TKT10442,48.22,,S
587,1,1,Passenger_587,female,35.27128407506247,0,0,TKT57437,76.74,,C
588,1,1,Passenger_588,female,53.8727813561389,0,0,TKT61342,73.03,C10,S
589,0,1,Passenger_589,male,,1,1,TKT79179,27.69,,S
590,1,1,Passenger_590,female,1.0,0,0,TKT36069,92.13,C11,C
591,0,1,Passenger_591,male,47.18261087141666,1,0,TKT74246,126.7,C88,C
592,0,3,Passenger_592,male,1.3729222910070007,3,0,TKT39560,9.04,C62,S
593,0,1,Passenger_593,male,37.73807740975744,1,0,TKT59070,61.0,,S
594,0,2,Passenger_594,male,19.098384620185996,0,0,TKT43427,3.25,C90,S
595,1,3,Passenger_595,male,28.32830154357611,0,1,TKT61496,1.82,,S
596,0,3,Passenger_596,male,,1,0,TKT65557,3.58,,Q
597,0,3,Passenger_597,female,,1,0,TKT73752,7.75,,S
598,0,1,Passenger_598,male,43.69873201974349,0,0,TKT78248,36.72,,S
599,0,1,Passenger_599,male,24.396805716421994,0,0,TKT71441,10.69,C128,Q
600,0,1,Passenger_600,male,18.68534569295497,0,0,TKT49534,3.39,C82,S
601,0,1,Passenger_601,male,29.225958855740487,0,1,TKT28930,26.45,,S
602,0,2,Passenger_602,male,29.596233872678276,0,0,TKT97728,14.76,,S
603,1,1,Passenger_603,male,51.34375063526521,0,0,TKT90042,65.74,,S
604,0,1,Passenger_604,male,45.1831958813621,1,0,TKT8288,1.76,,S
605,0,1,Passenger_605,female,48.151341015871964,2,0,TKT96547,58.81,,S
606,0,3,Passenger_606,male,18.364949951592376,0,0,TKT82122,12.81,,S
607,0,1,Passenger_607,male,,0,0,TKT62518,68.85,,S
608,0,2,Passenger_608,male,1.0,0,0,TKT33400,29.96,,S
609,0,3,Passenger_609,female,15.615958089867556,4,1,TKT2567,1.45,C38,S
610,0,3,Passenger_610,male,15.883562590236554,4,0,TKT48878,5.24,C85,S
611,0,1,Passenger_611,male,54.644787200645,2,0,TKT49850,11.9,,S
612,0,3,Passenger_612,male,30.65850856501847,1,0,TKT2094,16.96,,S
613,0,3,Passenger_613,male,3.0262614599397963,0,0,TKT12135,10.65,,S
614,0,1,Passenger_614,male,52.98210333642999,1,2,TKT80044,43.17,,S
615,0,3,Passenger_615,male,1.0,0,0,TKT46113,4.2,,S
616,0,3,Passenger_616,male,23.967163686509284,0,0,TKT59791,2.04,,C
617,0,1,Passenger_617,male,,1,0,TKT10684,58.29,,S
618,0,2,Passenger_618,male,31.836342821137023,0,1,TKT93783,34.74,,C
619,0,3,Passenger_619,female,12.489067663953085,0,0,TKT72727,2.23,,C
620,0,3,Passenger_620,female,10.93319495876032,0,0,TKT84378,0.62,,S
621,0,1,Passenger_621,female,26.90612110600054,0,0,TKT59552,29.42,,S
622,1,1,Passenger_622,female,,2,0,TKT9046,9.47,,Q
623,1,2,Passenger_623,male,,0,0,TKT5934,1.64,,S
624,0,3,Passenger_624,male,14.37701576650933,0,0,TKT60556,0.45,,C
625,0,3,Passenger_625,male,27.17275291325299,0,2,TKT47806,8.37,,S
626,0,2,Passenger_626,male,26.263182247795378,0,0,TKT2354,2.9,,S
627,0,3,Passenger_627,female,32.0339896047134,0,0,TKT96352,14.78,,S
628,0,3,Passenger_628,male,20.051034181402237,0,1,TKT54046,0.39,,S
629,1,1,Passenger_629,female,15.494161898834363,0,0,TKT66064,28.04,,S
630,0,2,Passenger_630,male,22.592171932896136,1,3,TKT58184,52.65,C108,S
631,1,3,Passenger_631,female,,5,0,TKT3963,7.4,,C
632,0,3,Passenger_632,male,21.092667374217957,0,0,TKT28424,7.99,,C
633,0,3,Passenger_633,male,23.027977529375306,0,0,TKT81039,1.02,C28,S
634,0,3,Passenger_634,male,27.545120236890103,0,0,TKT4042,1.42,,C
635,0,1,Passenger_635,male,34.29679222165145,2,0,TKT96777,15.68,,C
636,0,2,Passenger_636,male,24.149832846054423,0,2,TKT8139,25.69,,Q
637,0,3,Passenger_637,male,8.337489354025468,1,3,TKT12226,38.68,,S
638,1,2,Passenger_638,female,,1,0,TKT81298,31.38,,C
639,0,2,Passenger_639,male,34.65989703672506,2,0,TKT84652,76.04,,S
640,0,2,Passenger_640,male,20.497568415698847,3,0,TKT39108,30.9,C47,S
641,0,1,Passenger_641,male,57.04922034174112,0,1,TKT71647,24.77,,Q
642,0,2,Passenger_642,female,,0,0,TKT69617,38.97,,S
643,0,1,Passenger_643,male,1.0,3,0,TKT30815,9.04,,S
644,0,2,Passenger_644,male,27.7176687085102,0,0,TKT8802,9.0,C67,C
645,0,1,Passenger_645,male,,0,0,TKT43230,144.67,,S
646,0,3,Passenger_646,male,34.72958374710052,0,4,TKT64372,7.15,,C
647,0,3,Passenger_647,female,13.07364790198176,0,0,TKT55020,8.14,,S
648,0,3,Passenger_648,male,30.042298514739898,2,0,TKT84449,5.3,C24,S
649,0,3,Passenger_649,male,14.722021151089614,0,0,TKT18465,6.17,C113,S
650,1,3,Passenger_650,female,,0,0,TKT8994,1.23,,C
651,0,1,Passenger_651,male,,3,0,TKT4531,109.59,,S
652,0,3,Passenger_652,male,,1,0,TKT10343,5.66,,Q
653,0,3,Passenger_653,male,,0,0,TKT60066,16.97,C114,C
654,1,3,Passenger_654,female,23.515252644701967,0,0,TKT7229,2.19,,S
655,0,2,Passenger_655,male,32.791271381216845,0,0,TKT95311,12.7,C128,S
656,1,1,Passenger_656,female,30.874509240095016,0,0,TKT93302,78.47,,Q
657,1,2,Passenger_657,male,42.81084591299784,0,0,TKT83124,9.97,,S
658,0,2,Passenger_658,male,41.29900970245966,0,0,TKT89704,19.14,,S
659,0,3,Passenger_659,male,24.461283638529558,1,0,TKT45789,12.98,,C
660,0,3,Passenger_660,female,27.190012367190562,0,0,TKT45069,73.08,,C
661,0,2,Passenger_661,male,42.41890725709079,0,0,TKT88402,21.88,,S
662,0,3,Passenger_662,female,39.06061497659391,0,0,TKT10524,13.64,,S
663,1,3,Passenger_663,female,10.885919961342633,0,2,TKT89074,13.45,,S
664,0,1,Passenger_664,male,53.6944293425426,1,0,TKT87762,165.6,,S
665,1,1,Passenger_665,male,,0,0,TKT64103,10.21,C65,C
666,1,1,Passenger_666,male,37.8697955040594,0,1,TKT9103,47.99,,Q
667,0,2,Passenger_667,male,24.89787562120865,0,0,TKT59581,22.5,,S
668,1,1,Passenger_668,female,40.172669574025704,4,2,TKT84938,134.69,C59,C
669,1,1,Passenger_669,female,49.551375705346885,0,0,TKT55203,58.66,,Q
670,0,2,Passenger_670,male,38.326237337610706,0,1,TKT16090,17.51,,S
671,0,1,Passenger_671,male,28.786369152946406,0,1,TKT16915,59.17,C78,S
672,1,3,Passenger_672,female,20.229306814099346,2,3,TKT42477,2.36,,C
673,1,1,Passenger_673,male,,0,2,TKT57987,10.66,,S
674,0,3,Passenger_674,female,29.557211632490752,0,2,TKT54238,14.1,,S
675,0,2,Passenger_675,male,1.0,0,0,TKT88047,3.19,,S
676,1,3,Passenger_676,female,,0,0,TKT16029,2.67,,S
677,1,1,Passenger_677,male,41.67585860602695,1,0,TKT97367,128.63,C68,S
678,0,2,Passenger_678,male,45.67792871510861,1,0,TKT90067,5.76,,S
679,0,3,Passenger_679,male,36.74667470268135,0,3,TKT54520,1.93,C100,Q
680,0,3,Passenger_680,male,8.53908244883793,0,0,TKT71053,11.73,,S
681,0,3,Passenger_681,male,44.30537026881248,0,2,TKT52464,18.5,C119,S
682,0,2,Passenger_682,female,17.664085229277116,0,1,TKT22961,49.17,,S
683,1,1,Passenger_683,female,41.7150728915948,0,0,TKT27835,21.84,C102,C
684,0,3,Passenger_684,male,,0,0,TKT28725,3.61,,C
685,0,3,Passenger_685,male,,0,0,TKT26357,6.82,,S
686,0,3,Passenger_686,male,7.802178225703457,0,0,TKT2244,1.42,,S
687,0,3,Passenger_687,male,18.704051115198364,5,0,TKT68952,31.2,,S
688,1,2,Passenger_688,male,19.281315900140243,1,3,TKT49061,1.11,,C
689,0,3,Passenger_689,male,40.552756741376754,2,1,TKT7490,11.03,,S
690,0,1,Passenger_690,male,55.30583010528705,0,0,TKT78219,23.08,,C
691,0,2,Passenger_691,male,16.264750644116713,3,0,TKT6839,18.22,,S
692,0,2,Passenger_692,male,45.900079872239225,0,0,TKT25992,13.46,,S
693,0,3,Passenger_693,male,8.25052957369018,0,0,TKT45938,3.57,,C
694,1,2,Passenger_694,female,34.582564588639435,1,0,TKT57249,19.6,,S
695,1,1,Passenger_695,male,,0,0,TKT45735,178.8,,S
696,1,3,Passenger_696,female,22.65531578587571,0,0,TKT51734,26.51,,Q
697,0,2,Passenger_697,male,33.510745659088485,0,0,TKT48080,11.22,C64,C
698,0,3,Passenger_698,male,15.527937931363908,0,2,TKT75460,1.98,,S
699,1,1,Passenger_699,female,,0,0,TKT82457,223.89,,S
700,0,3,Passenger_700,female,,0,0,TKT25260,16.45,,S
701,1,3,Passenger_701,female,20.537705412656013,1,0,TKT60607,3.48,,C
702,0,1,Passenger_702,male,5.853466656078666,0,0,TKT62852,93.59,,S
703,0,2,Passenger_703,male,31.374799286529246,0,0,TKT29380,0.24,C51,S
704,1,1,Passenger_704,female,,0,0,TKT85347,23.26,C108,S
705,0,1,Passenger_705,male,30.886037232937646,0,0,TKT72257,70.69,,S
706,0,3,Passenger_706,male,,4,0,TKT42191,0.85,C129,S
707,0,2,Passenger_707,male,32.597535638343274,0,0,TKT5930,17.32,,Q
708,0,3,Passenger_708,male,26.893137271525234,0,0,TKT5353,6.26,,S
709,0,2,Passenger_709,female,46.54059550138798,0,0,TKT8832,6.3,,C
710,0,3,Passenger_710,male,7.276900869617183,1,0,TKT50554,11.35,,S
711,0,3,Passenger_711,male,16.127543110491565,1,1,TKT89487,0.1,C45,S
712,0,3,Passenger_712,male,39.302792012962875,0,1,TKT55017,6.56,C57,C
713,0,3,Passenger_713,male,36.400189944035745,0,0,TKT58298,5.35,,S
714,0,2,Passenger_714,male,,0,0,TKT52389,64.07,,S
715,0,2,Passenger_715,male,31.213840865596467,0,0,TKT74306,4.67,,C
716,0,3,Passenger_716,male,22.644632183344758,0,4,TKT26525,16.35,C118,S
717,0,3,Passenger_717,female,28.620400106820828,1,0,TKT83092,2.61,,S
718,0,3,Passenger_718,male,27.106434754943173,0,0,TKT81630,2.96,,S
719,0,1,Passenger_719,male,43.269733365365234,1,0,TKT74471,143.73,,S
720,0,3,Passenger_720,female,14.316185823761538,0,0,TKT69211,3.52,C84,C
721,0,3,Passenger_721,female,24.2310668302154,0,0,TKT32280,8.79,,S
722,0,1,Passenger_722,male,53.756086981806774,1,0,TKT12240,80.48,C149,C
723,0,1,Passenger_723,male,21.34823349985741,0,0,TKT66092,136.44,,S
724,0,3,Passenger_724,male,23.0545122942417,0,2,TKT70541,0.58,,S
725,1,3,Passenger_725,female,26.716585238547427,0,0,TKT63851,8.95,,S
726,1,3,Passenger_726,female,35.195343862194555,0,0,TKT7544,19.54,C105,C
727,0,1,Passenger_727,female,33.399341339514216,0,0,TKT58981,18.9,,S
728,0,3,Passenger_728,male,31.990855825705662,0,0,TKT18332,0.03,,C
729,1,1,Passenger_729,female,30.382403970401306,0,0,TKT27836,21.96,C68,S
730,0,1,Passenger_730,male,35.72089931498788,0,1,TKT15388,65.12,,Q
731,0,1,Passenger_731,male,38.572868455540096,1,0,TKT2694,9.16,,C
732,0,3,Passenger_732,male,37.01958190250272,1,1,TKT87677,24.28,,C
733,1,3,Passenger_733,female,41.72145433029318,0,0,TKT89202,29.79,,C
734,0,3,Passenger_734,male,33.526589227573425,1,0,TKT50294,17.47,,S
735,0,2,Passenger_735,female,9.88504814380125,1,1,TKT39769,8.34,,C
736,0,3,Passenger_736,male,29.555675780631585,0,0,TKT40420,23.63,,S
737,0,2,Passenger_737,male,23.875379526367578,0,0,TKT38855,34.43,,S
738,0,3,Passenger_738,male,,0,0,TKT2460,4.31,C56,S
739,0,2,Passenger_739,male,47.23535641804847,2,0,TKT48646,15.4,,S
740,1,2,Passenger_740,female,13.266873608404751,0,0,TKT42252,26.02,,S
741,0,3,Passenger_741,male,44.377345488518216,0,0,TKT10835,2.07,,S
742,1,2,Passenger_742,female,22.413208757501938,1,0,TKT11910,18.76,,S
743,0,3,Passenger_743,female,,0,0,TKT83757,29.16,C77,S
744,0,3,Passenger_744,female,,0,0,TKT92149,26.0,,S
745,0,1,Passenger_745,male,21.46862058567617,0,1,TKT97889,73.58,,Q
746,0,3,Passenger_746,male,16.158758368628536,0,1,TKT9463,5.24,C62,Q
747,1,2,Passenger_747,male,37.17263039884197,1,0,TKT14336,27.17,,Q
748,0,3,Passenger_748,female,,1,2,TKT27534,10.82,,S
749,1,3,Passenger_749,female,37.11366146315163,0,0,TKT3369,5.02,,S
750,0,3,Passenger_750,male,,0,2,TKT26381,13.63,,Q
751,1,1,Passenger_751,female,47.42005730353548,1,0,TKT86094,17.01,,C
752,0,3,Passenger_752,male,23.89786282798054,0,0,TKT88905,26.06,,C
753,0,3,Passenger_753,male,23.950776054673828,0,1,TKT97490,4.76,,S
754,0,2,Passenger_754,male,32.47551056902575,0,0,TKT26407,2.76,,S
755,0,1,Passenger_755,female,39.425988133667815,0,0,TKT63552,49.22,C139,C
756,1,3,Passenger_756,male,24.28701782473007,0,1,TKT36939,0.97,C98,S
757,1,3,Passenger_757,female,47.266039777531155,0,1,TKT93303,12.79,,S
758,0,3,Passenger_758,female,27.690816934423502,0,2,TKT68576,1.51,C50,C
759,0,3,Passenger_759,female,20.842881927917205,0,0,TKT89652,4.93,,S
760,0,3,Passenger_760,male,5.661191690766067,0,0,TKT27170,5.3,,S
761,1,1,Passenger_761,male,40.426783301185715,0,0,TKT72908,50.76,,S
762,0,2,Passenger_762,male,,0,0,TKT23369,25.39,,Q
763,0,2,Passenger_763,male,,0,0,TKT74098,29.13,,S
764,0,3,Passenger_764,male,30.549803488802247,0,0,TKT45544,22.43,,C
765,1,1,Passenger_765,female,,0,0,TKT6900,18.46,,C
766,0,3,Passenger_766,male,27.06705263693245,0,0,TKT41733,3.81,,S
767,0,3,Passenger_767,male,33.05837406074864,1,1,TKT88236,12.18,,S
768,0,3,Passenger_768,male,43.336376312654,2,4,TKT1589,2.91,,S
769,0,2,Passenger_769,male,,0,0,TKT61044,21.01,,S
770,0,3,Passenger_770,male,34.13015985173773,0,1,TKT66311,8.24,,S
771,1,1,Passenger_771,male,,0,0,TKT58926,167.54,C122,S
772,1,3,Passenger_772,female,29.659744065081394,0,3,TKT71599,5.11,,S
773,0,1,Passenger_773,male,20.357693287583878,0,0,TKT86553,166.49,,S
774,1,2,Passenger_774,female,45.067962844426674,0,1,TKT84910,67.3,,C
775,1,3,Passenger_775,female,20.806728073396528,0,2,TKT89435,1.4,C44,S
776,1,1,Passenger_776,male,,0,2,TKT50008,14.14,C61,S
777,1,1,Passenger_777,female,55.94301313005276,0,0,TKT67794,96.54,C110,S
778,0,3,Passenger_778,male,,0,0,TKT80134,16.16,,S
779,0,3,Passenger_779,female,,1,0,TKT3866,0.73,,S
780,0,3,Passenger_780,male,,0,0,TKT53890,11.68,,S
781,1,3,Passenger_781,female,20.05335105970636,2,0,TKT42504,1.92,,S
782,0,3,Passenger_782,female,35.96168478420888,1,0,TKT96668,9.07,,C
783,0,2,Passenger_783,female,18.861962780251694,0,0,TKT54374,4.75,,Q
784,0,2,Passenger_784,female,,0,0,TKT30404,13.18,,Q
785,0,1,Passenger_785,male,,0,0,TKT66223,72.61,,S
786,0,3,Passenger_786,male,9.651631165362563,1,0,TKT1637,7.29,,S
787,0,3,Passenger_787,male,31.18353185949361,1,0,TKT91152,22.14,,S
788,0,2,Passenger_788,male,34.12689239625227,0,0,TKT16828,20.06,,S
789,0,3,Passenger_789,female,,2,0,TKT54544,24.95,,S
790,0,3,Passenger_790,male,31.84608650025419,0,2,TKT92732,7.91,,S
791,1,1,Passenger_791,female,33.52213467443219,0,0,TKT46097,60.86,,C
792,0,3,Passenger_792,male,17.66337703133646,2,0,TKT33022,2.51,,S
793,0,3,Passenger_793,female,23.88466952063694,1,0,TKT33202,7.87,,S
794,0,3,Passenger_794,male,22.125976935739004,0,0,TKT29704,1.52,,S
795,1,1,Passenger_795,female,,1,0,TKT92411,48.03,,S
796,1,3,Passenger_796,female,27.236994036928557,3,0,TKT24641,11.27,,C
797,0,3,Passenger_797,male,16.220419133097664,1,0,TKT38479,50.57,,S
798,1,3,Passenger_798,male,47.68528822186939,1,0,TKT79771,0.97,,S
799,1,3,Passenger_799,female,25.591699978242673,1,0,TKT23027,2.75,,S
800,0,3,Passenger_800,male,34.22607611162676,0,0,TKT99463,20.97,,S
801,1,3,Passenger_801,male,17.70128191066289,1,0,TKT43912,5.03,,S
802,1,1,Passenger_802,male,,0,0,TKT93558,113.33,,Q
803,0,3,Passenger_803,male,28.733319893718342,2,0,TKT72474,19.71,,Q
804,0,3,Passenger_804,male,2.3242084948461645,0,0,TKT43692,7.38,C115,C
805,0,2,Passenger_805,male,37.18952111608066,0,0,TKT99884,3.14,C39,S
806,0,3,Passenger_806,male,40.48773353107057,0,1,TKT33209,22.26,,S
807,0,3,Passenger_807,male,20.23365620624815,0,0,TKT58563,0.32,C14,S
808,1,3,Passenger_808,female,11.772763114529734,0,0,TKT57738,22.58,,C
809,0,3,Passenger_809,male,29.170739365642625,4,1,TKT38242,0.52,C27,C
810,1,1,Passenger_810,female,44.4704173251472,3,0,TKT10941,42.82,,C
811,0,3,Passenger_811,male,29.268027382758753,0,0,TKT8073,0.74,C95,S
812,0,3,Passenger_812,male,27.298928754329076,5,2,TKT38827,12.25,,S
813,0,1,Passenger_813,male,,1,1,TKT47225,57.64,,S
814,0,3,Passenger_814,male,42.367668392701674,0,0,TKT38096,18.48,C149,S
815,0,3,Passenger_815,male,31.817238461543752,0,1,TKT51546,6.27,,S
816,0,3,Passenger_816,male,,2,1,TKT67457,0.98,,S
817,0,3,Passenger_817,male,41.35075423254942,0,0,TKT69309,12.27,,C
818,0,2,Passenger_818,male,6.366270069966987,2,2,TKT70998,1.35,,S
819,1,1,Passenger_819,female,63.260873537014405,1,0,TKT87496,61.15,C126,S
820,1,2,Passenger_820,male,28.772036712253964,1,0,TKT31268,6.79,,S
821,0,3,Passenger_821,male,27.9145841578033,1,4,TKT86354,5.41,,S
822,0,1,Passenger_822,female,19.89417858980371,0,1,TKT43078,100.98,,C
823,0,2,Passenger_823,male,,0,0,TKT2865,9.25,C54,S
824,0,2,Passenger_824,male,,0,0,TKT97242,1.48,,S
825,0,3,Passenger_825,female,48.08134953789944,0,0,TKT29887,9.95,,C
826,0,3,Passenger_826,male,15.704620359777017,0,0,TKT50876,7.55,C17,S
827,1,2,Passenger_827,female,,1,0,TKT97047,38.59,C66,S
828,1,2,Passenger_828,female,20.810396616164464,1,2,TKT34479,37.3,,C
829,0,3,Passenger_829,male,1.2941467453943503,0,1,TKT41478,21.82,,C
830,0,3,Passenger_830,male,,0,0,TKT27401,3.0,C99,S
831,1,1,Passenger_831,male,50.35266287252773,0,0,TKT29502,118.36,,S
832,0,3,Passenger_832,male,,0,0,TKT14394,28.54,C68,S
833,1,1,Passenger_833,male,31.419409931366978,0,0,TKT99694,32.13,,C
834,1,1,Passenger_834,female,,1,0,TKT10262,15.75,,S
835,0,3,Passenger_835,male,44.72053786965441,0,0,TKT5487,6.74,C111,S
836,0,2,Passenger_836,male,,1,0,TKT28341,9.12,C51,C
837,1,3,Passenger_837,female,14.638076740420793,0,0,TKT14570,1.84,C142,
838,1,2,Passenger_838,female,14.89681002913927,2,0,TKT58268,2.81,,S
839,0,3,Passenger_839,male,25.21620246453336,1,0,TKT30605,13.84,,S
840,1,3,Passenger_840,male,,3,0,TKT72602,7.75,,S
841,0,1,Passenger_841,male,48.418687600999114,2,0,TKT27723,90.52,,C
842,0,3,Passenger_842,male,32.11080728616797,3,0,TKT70108,1.42,C52,S
843,0,1,Passenger_843,male,28.908777463500037,1,0,TKT79206,20.38,C58,S
844,0,3,Passenger_844,male,17.441385371634276,1,0,TKT61098,5.97,,S
845,0,1,Passenger_845,female,57.87444206319092,0,1,TKT94375,133.08,,S
846,0,2,Passenger_846,male,43.63319264341533,0,0,TKT49707,10.37,,S
847,0,1,Passenger_847,male,,0,0,TKT50028,82.78,,S
848,0,3,Passenger_848,male,8.13324335372456,0,0,TKT94937,1.14,,S
849,0,3,Passenger_849,male,13.180082490195819,0,0,TKT57921,2.9,,S
850,0,3,Passenger_850,female,27.384160114568882,2,0,TKT61760,3.17,,S
851,0,1,Passenger_851,female,10.418546552034304,3,2,TKT11249,57.62,C47,C
852,0,3,Passenger_852,female,18.05051068437104,0,1,TKT68847,0.5,C136,C
853,1,1,Passenger_853,male,21.04359299006906,0,2,TKT98547,135.35,,S
854,0,3,Passenger_854,male,33.35401596591147,4,0,TKT44839,2.5,,S
855,0,1,Passenger_855,male,38.199822949710075,0,0,TKT40673,147.07,,S
856,1,1,Passenger_856,male,24.644848128446974,1,0,TKT4642,82.55,C146,S
857,0,1,Passenger_857,male,32.30149161902507,0,0,TKT7338,75.19,,S
858,0,3,Passenger_858,female,,1,0,TKT52761,8.03,,S
859,0,3,Passenger_859,male,2.777887221104095,0,0,TKT10622,4.42,,S
860,0,1,Passenger_860,male,46.18178172661478,2,1,TKT49423,126.86,C128,S
861,0,3,Passenger_861,male,16.85628326447076,0,0,TKT43873,33.12,,C
862,0,3,Passenger_862,male,21.181149667088558,0,0,TKT48565,5.86,C96,C
863,0,3,Passenger_863,male,,0,1,TKT8806,15.85,C13,S
864,1,2,Passenger_864,female,42.37014701746256,0,1,TKT1757,8.1,,S
865,0,2,Passenger_865,female,16.724888051716096,3,0,TKT93246,3.19,,S
866,0,3,Passenger_866,female,34.62554150341743,1,1,TKT22470,13.6,,S
867,0,1,Passenger_867,male,,0,1,TKT7220,1.44,,S
868,0,1,Passenger_868,male,50.90310156694243,0,0,TKT92851,62.32,,S
869,0,3,Passenger_869,male,11.18615516136557,0,0,TKT55754,1.7,C21,C
870,0,3,Passenger_870,male,1.0,1,0,TKT94329,5.83,C141,S
871,1,2,Passenger_871,female,22.1633314748085,1,0,TKT80852,14.68,C38,C
872,0,2,Passenger_872,male,35.61941835824402,0,0,TKT23505,22.79,,S
873,0,3,Passenger_873,male,31.203358188980452,1,4,TKT29288,5.8,,S
874,0,2,Passenger_874,male,20.80086336731366,0,1,TKT75492,12.36,C73,S
875,0,1,Passenger_875,male,50.41642346136221,3,1,TKT20109,15.83,,S
876,0,1,Passenger_876,female,32.109334888465256,3,2,TKT4497,116.06,,C
877,0,3,Passenger_877,male,27.45710658882141,1,1,TKT58326,14.65,,S
878,0,3,Passenger_878,male,34.19053935376738,1,0,TKT10864,11.67,,S
879,0,1,Passenger_879,male,44.11433972426913,0,0,TKT98046,40.5,,S
880,0,1,Passenger_880,male,43.66012656946377,1,0,TKT94517,25.03,,S
881,1,1,Passenger_881,female,55.30095068551016,0,0,TKT88562,34.17,,S
882,1,3,Passenger_882,female,20.018796532439566,0,0,TKT75310,2.37,,S
883,1,1,Passenger_883,female,47.52302547630629,0,0,TKT22017,64.78,,Q
884,1,1,Passenger_884,female,54.69510517469165,1,2,TKT2821,187.63,C58,C
885,0,3,Passenger_885,male,23.7478864841573,0,0,TKT51337,8.88,,S
886,1,1,Passenger_886,female,42.475125562865685,0,1,TKT46485,54.34,,S
887,0,3,Passenger_887,male,,0,0,TKT84557,0.62,,S
888,0,1,Passenger_888,male,,0,0,TKT57388,235.81,,S
889,1,1,Passenger_889,female,42.86747076953671,0,0,TKT11372,35.19,,C
890,0,2,Passenger_890,male,24.031825967153107,1,1,TKT94938,38.1,C121,S
891,1,3,Passenger_891,female,,1,0,TKT72333,4.35,,S
